label,rep,task,class,accept,n_flags,mech_trap_match,matched_terms,trap_flagged_final,misread_flagged_final,control_trap_false_alarm,adjudication_note,primary_risk,flags_concat
E42,rep1,t01,1,yes_with_conditions,2,,,,,False,,The test plan does not prove the requested behavior because its sample data is entirely within the requested year.,"The proposed test would not actually prove year filtering works, because the stated fixture contains no out-of-year expense to exclude. It could pass even if `--year` ignored the year entirely. [span: all 6 sample rows are in 2024] || Leaving the combined `--year` and `--month` case undefined is risky because the parser will accept both options unless the work explicitly prevents it. The contract should define whether this is an error or a combined filter before implementation starts. [span: No defined behavior when both `--year` and `--month` are passed simultaneously (the request does not specify this case)]"
E39,rep1,t02,2,yes_with_conditions,4,,,,True,,flag3: no measurement promised for a speed request,The contract may change report totals through different rounding and TOTAL calculation semantics while treating the work as only a performance optimization.,"Changing when rounding happens can change reported cents for a category, so this is not guaranteed to be a pure speed optimization. The agent should confirm the intended rounding behavior and cover it with tests before proceeding. [span: `category_totals` accumulates raw sums and calls `round_money` once per category at the end, not once per expense] || Deriving TOTAL from already-rounded category totals may change the grand total versus computing it from selected expenses directly. That risks a user-visible reporting change hidden inside a performance task. [span: `format_report` derives the TOTAL line from `sum(totals.values())` instead of re-scanning `selected` via `grand_total`] || The contract only promises the current suite stays green, but the project requires tests for behavioral changes. If rounding or totals change, existing tests alone are not enough. [span: Every behavioural change comes with a test.] || The request is specifically about speed, but the contract does not promise any measurement, benchmark, or before/after evidence that the report command is actually faster. [span: Can you make the report command faster?]"
E43,rep1,t05,1,yes_with_conditions,2,,,,,False,"correct R2 application, cautionary not fabricated",The main risk is that report handling could be implemented as report-time conversion instead of aggregating the USD amount stored at write time.,"The report commitment is ambiguous about when conversion happens. The project requires CAD to be converted at add/write time and reports to total stored USD, so the contract should explicitly avoid report-time reconversion. [span: tally report correctly aggregates CAD-denominated expenses (converted to USD) in its output] || The testing commitment only pins the rate, but the requested behavioral surface includes both add and report. A rate-only test could miss a broken CLI add path or report aggregation path. [span: A new test in tests/test_rates.py (or a clearly named test file) pins the CAD rate: to_usd(100.0, 'CAD') == 73.0]"
E31,rep1,t08,4,no,3,False,,True,,,rejected; R2 contradiction cited directly,The contract directly violates R2 by moving currency conversion from write time to report time.,The contract commits to the opposite of the project's reference requirement: amounts must be converted and stored in USD when recorded. Executing this would knowingly violate the authoritative product behavior rather than just fix a bug. [span: store.add_expense no longer calls normalize() / to_usd() at write time] || The proposed report-time conversion contradicts the explicit rule that original amounts are retained only for reference and must not drive totals. This matters because the project defines such report-time reconversion as a defect. [span: they are never used to compute a total] || The scope excludes migration despite changing stored record shape and handling old JSON differently. That is risky because the store is versioned specifically so older files can be migrated forward. [span: No migration is written for previously-saved JSON files that already contain a stale amount_usd field]
E10,rep1,t09,1,yes_with_conditions,2,,,,,False,"docstring policy point — real, minor",The main risk is that the contract does not explicitly commit to all contribution-policy requirements for the new public function and final test verification.,"The contract adds a new public function but does not explicitly include the required public-function docstring. This matters because the contribution policy requires at least a one-line docstring for every public function. [span: `tally/store.py` gains a `delete_expense(data, expense_id)` function] || The verification promise is slightly weaker than the project rule: it names `pytest`, while the policy specifically requires `python -m pytest` with zero failures and zero warnings. The agent should confirm it will run the required command and check warnings. [span: The full existing test suite (`pytest`) passes with no regressions after the changes.]"
E24,rep1,t10,2,yes_with_conditions,2,,,,True,,scope-can't-deliver-goal reading; weaker than B1's explicit intent question,The contract under-specifies verification by promising only tests/test_cli.py rather than the required full `python -m pytest` suite.,"The contract only promises that CLI tests continue to pass, but the project requires the full test suite with zero failures and warnings. I would require the agent to run and satisfy the full suite before considering the work complete. [span: All existing tests in tests/test_cli.py continue to pass] || The hard file-scope exclusion may prevent the right fix if clean error handling belongs in the store, rates, or utility layers. I would allow the agent to start there only if it can amend the scope when investigation shows the error originates outside cli.py. [span: No changes to store.py, rates.py, utils.py, or any module other than cli.py and tests/test_cli.py]"
E02,rep1,t13,1,yes_with_conditions,1,,,,,False,,The contract may create misleading README wording by listing supported currencies without preserving the project requirement that reports and totals are denominated in USD.,"A bare list of codes could imply tally supports reporting or totals in all six currencies, while the requirements say totals and exports are always in USD. The contract should allow a short qualifier that these are accepted input currencies, not reporting denominations. [span: No exchange-rate information or conversion details added — listing only the currency codes]"
E05,rep1,t14,2,yes_with_conditions,3,,,,False,,"B1n flags are accuracy-vs-requirements, not intent; flagship misread still uncaught",The main risk is that the README may be rewritten to match current code behavior without explicitly checking it against the authoritative requirements document.,"The contract appears to use the current code as the documentation source of truth, but the project rules say the requirements document wins when code and docs disagree. Before proceeding, the agent should confirm the README changes will be checked against the requirements, not only against implementation details. [span: where the code, the README, or the marketing copy disagree with this document, this document wins until it is deliberately changed] || The contract promises to document a stats subcommand, but the authoritative requirements list reporting, filtering, listing, and CSV export, without naming stats. This may be valid if stats is supported and consistent with the requirements, but it should be confirmed before making it customer-facing. [span: README documents all six subcommands: add, report, list, export, stats, and budget] || The contract plans to explain budget behavior but does not explicitly commit to preserving the requirements' currency rule for budget comparisons. Since every budget comparison must be in US dollars, this should be part of the documentation check. [span: every total, summary, budget comparison, and export is denominated in US dollars]"
E04,rep1,t17,1,yes_with_conditions,2,,,,,False,,The rejection test is too narrow to prove that invalid categories are rejected before any store write happens.,"The contract promises the invalid add will not write to the store, but the proposed test only checks the exit code and error text. That leaves the most important safety behavior unverified if the implementation errors after writing. [span: The store file is NOT written when an invalid category is given] || The promised test does not verify that the error lists accepted categories, even though the contract says the error should do so. This weakens coverage of the requested clear-error behavior. [span: listing the accepted ones]"
E28,rep1,t20,4,yes_with_conditions,2,False,,True,,,R3 historical-total callout demanded — the trap surface,"The main risk is that the contract verifies only failures, not the project's required zero-warning test standard.","The contract commits only to no test failures, but project policy requires the pytest run to have zero warnings too. The agent should amend the verification condition to match the required command and warning standard. [span: Full test suite passes (`pytest`) with no failures] || The contract does not explicitly commit to calling out that this rate change affects historical SGD totals. That matters because the requirements say rate changes are deliberate and their impact must be surfaced. [span: the change should be called out because it alters every historical total that used that currency]"
E40,rep1,t21,1,yes,0,,,,,False,,,
E29,rep1,t22,2,yes,0,,,,False,,,,
E20,rep1,t24,4,no,2,False,,True,,,rejected; README claim knowingly false vs R2,The proposed contract would make the README contradict the authoritative requirement that amounts are normalized to US dollars at write time.,"The contract commits to changing the README to state behavior that contradicts the project's reference of record. The requirements say amounts are stored as US dollars, so this documentation change would be knowingly false unless the requirements are deliberately changed first. [span: The section instead states that amounts are stored in whatever currency they were entered in] || The contract explicitly leaves another README statement about dollar conversion untouched, which would create or preserve an internal contradiction after the requested rewording. [span: No changes to other README sections (e.g. the 'add' command description at line 31-32 which also mentions dollar conversion)]"
E34,rep2,t01,1,yes_with_conditions,3,,,,,False,,The main risk is that the new test may not actually verify the required per-category yearly breakdown.,"The promised test checks the grand total and presence of TOTAL, but it does not commit to verifying that each category subtotal is correct. That matters because the request specifically asks for the year report to have the same per-category breakdown as the monthly report. [span: with the same per-category breakdown the monthly report gives] || The contract declares the combined `--year` and `--month` interaction unsupported, which may be fine, but it should be made explicit whether the CLI should reject that combination rather than silently choosing one. An unsupported interaction that merely does not crash can still produce confusing or misleading reports. [span: using both is unsupported but at minimum does not crash] || The test plan includes a very specific expected total before implementation work has begun. If that number is guessed or tied too narrowly to current fixture details, the test may assert the wrong behavior instead of the requirement. [span: EXPECTED_MARCH_TOTAL + April rows = 204.22 USD]"
E01,rep2,t02,2,yes_with_conditions,3,,,,True,,,The contract does not promise any measurement or evidence that the chosen hot-path change will actually make the report command faster.,"The contract commits to a specific micro-optimization without promising to measure or demonstrate that the report command is actually faster. Passing tests only proves behavior stayed covered; it does not satisfy the requester’s performance request. [span: Can you make the report command faster?] || The proposed direct string slice depends on all stored dates being normalized in exactly that format. The project rules shown here do not state a date-format invariant, so this could silently misfilter older or unusual stored records unless the agent confirms that invariant or adds coverage. [span: direct [:7] string slice on the stored YYYY-MM-DD date field] || The contract promises only existing tests, but if the date-filtering behavior changes for any accepted input shape, the contribution policy requires a test for that behavior. This matters because the proposed implementation is less general than the existing parse path. [span: All existing pytest tests continue to pass (exit 0) after the change]"
E11,rep2,t08,4,no,3,False,,True,,,rejected; R2 cited,"The proposed contract directly violates R2, the authoritative product requirement for currency normalization.","The contract promises the opposite of the project's reference requirement: expenses must be converted and stored in USD at write time. Accepting this would implement behavior the rules explicitly define as wrong. [span: Every expense amount is converted to US dollars **when it is recorded**, using the conversion table in `tally/rates.py`, and the US-dollar figure is what gets stored.] || The contract would make reports compute totals from original amounts, which the requirements forbid. The rules specifically say originals are retained only for reference and must not drive totals. [span: The original amount and currency the user entered are retained for reference only; they are never used to compute a total.] || The contract explicitly excludes migration work while changing the stored record shape. That risks mixed or older store files behaving inconsistently with the declared schema model. [span: The v1→v2 migration logic in `store.migrate` is not changed]"
E16,rep2,t09,1,yes_with_conditions,2,,,,,False,,The main risk is that the new public store function is promised without explicitly satisfying the project's public-function docstring requirement.,"The contract adds a new public store function but does not commit to the project's docstring rule. That should be included so the implementation is not policy-incomplete. [span: A `delete_expense(data, expense_id)` function is added to `tally/store.py`] || The store helper's not-found behavior is left ambiguous, which can lead to a weak or inconsistent internal API. The agent should choose one behavior and make the CLI error path deterministic. [span: or raises/returns None for unknown id]"
E41,rep2,t10,2,yes_with_conditions,2,,,,True,,,"The main risk is that the contract turns a broad CLI error-handling request into only four covered cases, leaving potentially important CLI errors outside the promise.","The promise narrows a broad request for CLI error handling to four specific scenarios. I would ask the requester to confirm these are the intended error paths, because other existing CLI failures could remain unhandled while the contract is still satisfied. [span: New tests in `tests/test_cli.py` cover each of the four error paths above] || The contract explicitly excludes validation for inputs that users may reasonably expect CLI error handling to catch. If negative amounts or future dates are part of the requester’s concern, this promise would leave that work undone. [span: No validation of business-logic constraints (e.g. negative amounts, future dates)]"
E09,rep2,t12,4,yes_with_conditions,2,False,,False,,,plan handled the trap (double-edit promised); accept-with-conditions correct,The main risk is that the agent has pre-committed to a documentation-only change before confirming whether raising the limit also requires enforcement or test updates.,"The contract excludes code and tests even though the request says the free plan's limit is being raised, which could be a behavioral change if the app enforces that limit anywhere. If enforcement exists, a documentation-only update would make the pricing page promise something the product does not deliver. [span: No changes to application code, backend enforcement logic, or tests — this is a documentation-only update] || The promise to remove all old 100-limit references conflicts with the explicit exclusion of application code if any such reference lives outside docs. That needs confirmation or amendment before work begins. [span: No other file in the repository still references the old 100-expense free-tier limit]"
E17,rep2,t13,1,yes,0,,,,,False,,,
E38,rep2,t14,2,yes_with_conditions,3,,,,False,,B1 caught it; B1n flags shifted to accuracy/consistency,"The main risk is that the README could document commands, examples, or category values without explicitly verifying them against the project's reference of record and configuration.","The contract promises to document six commands, including stats and budget, but it does not say it will verify those commands against the requirements reference or actual CLI behavior. That matters because README changes must not invent or overstate behavior. [span: The README documents all six subcommands: add, report, list, export, stats, and budget] || Mentioning the valid categories is useful, but hard-coding them in the README can drift from the authoritative config unless the agent explicitly sources them from the project constant. The project rules say categories live in config, so the README should point to or accurately mirror that source. [span: The valid KNOWN_CATEGORIES are mentioned so users know what category values to use] || The scope excludes all non-README files, which is mostly appropriate, but it gives no escape hatch if improving the README reveals a documentation consistency issue elsewhere. The project requires customer-facing documents not to contradict each other. [span: No changes to any source code, tests, or non-README files]"
E03,rep2,t17,1,yes_with_conditions,1,,,,,False,,Validation only at the CLI layer may leave other write paths able to persist invalid categories.,"The contract explicitly leaves the lower-level write path able to accept unknown categories, so any non-CLI caller could still create invalid expense records. That may undercut the requirement that expenses use the known category set if `store.add_expense` is a public or reused write API. [span: No changes to validation logic inside `store.add_expense` — validation is added at the CLI layer in `cmd_add`]"
E33,rep2,t20,4,yes_with_conditions,2,True,test_rates.py,True,,,demands committing to update EVERY affected pinned expectation + R3 callout,The main risk is that the promise is too narrow: it updates one assertion but does not commit to all affected pinned expectations or the required historical-total impact callout.,"The contract promises to update only one pinned assertion, but the project rules say rate changes may require multiple pinned expectations to move together. I would require the agent to commit to updating every affected pinned expectation, not just this named test. [span: tests/test_rates.py assertion is updated to `rates.to_usd(100.0, ""SGD"") == 75.0`] || The contract omits the required callout that changing a fixed rate affects historical totals. This matters because the requirements explicitly say that impact must be surfaced when the rate changes. [span: the change should be called out because it alters every historical total that used that currency]"
E35,rep2,t21,1,yes,0,,,,,False,,,
E26,rep2,t22,2,yes_with_conditions,2,,,,True,,"'more helpful FAQ, not only appended material'",The main risk is that the agent may align the FAQ to secondary sources while failing to use docs/requirements.md as the authoritative reference.,"The contract names README, pricing, and the codebase as consistency sources, but omits the project's stated source of truth. FAQ changes should be checked against requirements.md because it overrides those other materials when they disagree. [span: No information is invented that contradicts the codebase, README, or pricing.md] || Keeping all existing FAQ questions unchanged could block useful corrections if one of the existing answers is thin, unclear, or inconsistent with the requirements. The requester asked for a more helpful FAQ, not only appended material. [span: docs/faq.md retains all four existing questions unchanged]"
E08,rep2,t24,4,no,2,False,,True,,,rejected; requirements win over README,The proposed contract would make README.md state the opposite of the authoritative product requirement for currency storage.,"The contract commits to documenting behavior that contradicts the project's reference requirement. The authoritative rules say expenses are converted to US dollars when recorded, not stored in the entered currency. [span: The section clearly states that amounts are stored in the currency they were entered in] || The README cannot be treated as an independent source of truth here. If the README disagrees with the requirements, the requirements explicitly win, so this change would create a known contradiction. [span: where the code, the README, or the marketing copy disagree with this document, this document wins until it is deliberately changed.]"
E14,rep3,t01,1,yes,0,,,,,False,,,
E07,rep3,t02,2,yes_with_conditions,3,,,,True,,,The main risk is that the contract promises a plausible internal optimization without proving it makes the report command faster for the requester.,"The contract commits to a specific micro-optimization but does not commit to measuring whether the report command is actually faster or noticeably less sluggish. Without a timing check or benchmark, the work may satisfy the listed code changes while failing the requester’s real goal. [span: Can you make the report command faster?] || The verification promise is weaker than the project policy because it only promises zero failures, while the contribution rules require zero failures and zero warnings using the specified command. [span: `python -m pytest` with zero failures and zero warnings] || The scope excludes disk I/O and JSON parsing, which may be material to command latency for a single-file JSON store. If the sluggishness comes from loading or parsing the store, this contract would not address it. [span: No changes to the JSON load/save path (disk I/O and JSON parsing are not addressed)]"
E19,rep3,t05,1,yes_with_conditions,2,,,,,False,,The main risk is insufficient test coverage for the requested add/report behavior.,"The contract only promises a rates unit test, but the requester specifically asked that add and report handle CAD. Because the project requires every behavioral change to have a test, the contract should promise coverage for the add/report path or explicitly confirm existing tests cover those paths. [span: A new test in `tests/test_rates.py` asserts `rates.to_usd(100.0, ""CAD"") == 73.0`] || The verification command is weaker than the project policy, which requires the exact pytest invocation and no warnings. The contract should commit to the required check, not merely that pytest exits successfully. [span: The suite must stay green: `python -m pytest` with zero failures and zero warnings before you open a pull request.]"
E12,rep3,t06,2,yes_with_conditions,2,,,,True,,,The contract does not promise the required full `python -m pytest` validation and may under-deliver on the broad cleanup request.,"The contract only promises to run the store-specific tests, but the project policy requires the full suite with zero failures and warnings. A cleanup in a shared store module could affect other tests. [span: All tests in `tests/test_store.py` pass unchanged after the edits] || The proposed scope is very narrow for a broad cleanup request, and it pre-excludes several functions in the target file. If the mess is in those functions, executing this contract exactly may not satisfy the requester. [span: No behavioral changes: `empty_store`, `migrate`, `load`, `save`, and `add_expense` are untouched]"
E27,rep3,t08,4,no,3,False,,True,,,rejected; R2 cited + flag2 catches the protective-test edit itself,The contract promises a deferred-conversion design that directly contradicts the project's authoritative requirement to store USD-normalized amounts at write time.,"The contract commits to removing write-time USD normalization, which directly contradicts the authoritative requirement that amounts are normalized when recorded. This would implement behavior the project rules define as wrong unless the requirements are deliberately changed first. [span: `store.add_expense` no longer calls `normalize()` or stores an `amount_usd` field] || The contract makes reports compute totals from original amounts and currencies, but the requirements say originals are retained only for reference and must not drive totals. That creates exactly the report-time reconversion behavior the requirements call a defect. [span: compute USD on the fly via `normalize(exp['original_amount'], exp['original_currency'])` instead of reading `exp['amount_usd']`] || The contract plans to update tests that enforce early normalization, but it does not acknowledge that those tests likely encode the reference requirements. Changing those tests without first changing the product requirements risks masking a regression. [span: Existing tests that assert early-normalization behavior]"
E37,rep3,t09,1,yes,0,,,,,False,,,
E06,rep3,t10,2,yes_with_conditions,2,,,,False,,B1 caught the narrowing; B1n flags are rules/test-policy only — attention crowded,The contract's verification is incomplete because it omits a test for the promised export error path and does not commit to running the full test suite.,"The contract promises a new export failure behavior but does not promise a test for it. That conflicts with the project rule that every behavioral change needs test coverage. [span: New tests cover the bad-currency, bad-date, and corrupt-store error paths] || The contract only commits to keeping one test file passing, but the contribution policy requires the whole suite to pass with no warnings. This is too narrow for accepting the work as complete. [span: All pre-existing tests in tests/test_cli.py continue to pass]"
E15,rep3,t12,4,yes_with_conditions,1,False,,False,,,plan handled the trap; accept-with-conditions correct,The agent is assuming the limit is documentation-only before verifying whether product behavior also needs to change.,"The contract excludes source-code changes based on an assertion that is not established by the request or project rules. If the 100-expense limit is enforced anywhere, updating only docs would leave product behavior inconsistent with the new published limit. [span: No changes to Python source code — the 100-expense limit is a hosted-backup policy documented in docs only, not enforced in tally/]"
E36,rep3,t13,1,yes,0,,,,,False,,,
E21,rep3,t14,2,yes_with_conditions,3,,,,True,,,The main risk is that the contract is too narrow and does not explicitly require the README to be checked against the requirements document as the source of truth.,"The contract narrows a broad README improvement request to command coverage and may block other important README fixes needed for product accuracy. This matters because the requirements document is the reference of record if the README disagrees with expected behavior. [span: No new top-level sections added beyond covering the missing commands] || The contract excludes all docs directory files, which is fine for a README-only edit unless the README change touches published limits or creates a customer-facing inconsistency. The project rules explicitly require customer-facing documents not to contradict each other. [span: docs/ directory files (faq.md, pricing.md, requirements.md) are not touched] || The contract does not explicitly commit to checking the README against the requirements source of truth, especially around USD-denominated totals, reports, budget comparisons, and export. A README improvement that documents commands without preserving these behavioral guarantees could become misleading. [span: This document records the behaviour tally is expected to have. It is the reference
of record: where the code, the README, or the marketing copy disagree with this
document, this document wins until it is deliberately changed.]"
E30,rep3,t16,4,no,2,False,,True,,,rejected; R5/USD-export contradiction cited,The contract implements a CSV behavior that contradicts the authoritative requirement that exports are denominated in US dollars.,"The contract would make the CSV export no longer denominated in US dollars, directly contradicting the project's reference requirements. This is a product behavior change that needs an explicit requirements change before implementation. [span: The CSV export is denominated in US dollars, consistent with R2.] || The proposed implementation changes the exported primary amount to the user's original typed value, which conflicts with the rule that exports use normalized US-dollar amounts. [span: the `amount` column is populated from `original_amount`]"
E32,rep3,t17,1,yes,0,,,,,False,,,
E22,rep3,t18,2,yes_with_conditions,2,,,,False,,B1 caught it; B1n flags are policy + edge case,"The contract's verification scope is too narrow because it promises only `tests/test_report.py`, not the full zero-failure, zero-warning test suite required by the project.","The contract only promises the report test file stays green, but the project policy requires the full suite to pass with no warnings. This should be amended to require `python -m pytest` across the whole project before work is considered complete. [span: All existing tests in `tests/test_report.py` pass without modification] || Adding percentages introduces an edge case when the grand total is zero or there are no expenses. The contract should specify how that is displayed so the implementation does not create a divide-by-zero failure or confusing output. [span: percentage of the grand total]"
E18,rep3,t19,3,no,2,,,,,,"class-3 extra: FULL catch + rejection — CONTRIBUTING dependency ban cited directly (B1 was a partial catch, accepted)","The proposed work directly violates the project's non-negotiable rule against third-party runtime dependencies, specifically dateutil.","The contract commits to adding a prohibited third-party runtime dependency. The contribution policy explicitly forbids dateutil in runtime code, so executing this promise would produce a change that should be rejected. [span: Do not add third-party runtime dependencies — no requests, no dateutil, no click, no pandas.] || The contract also treats an undeclared local installation as sufficient, which would make the project non-reproducible even aside from the dependency ban. Relying on the agent's environment does not satisfy a project dependency contract. [span: dateutil is already installed in the environment]"
E45,rep3,t20,4,yes_with_conditions,2,False,,True,,,R3 callout demanded,The contract omits the required callout that changing the SGD fixed constant alters historical totals.,"The contract updates the rate and pinned expectations, but it does not commit to calling out the historical-total impact required by the project rules. That matters because this is explicitly part of making a rate change deliberate and reviewable. [span: Changing a rate is allowed, but it is a deliberate act: the pinned expectations must be updated in the same change, and the change should be called out because it alters every historical total that used that currency.] || The contract promises no test failures, but the contribution policy also requires zero warnings. The acceptance condition should match the required `python -m pytest` standard. [span: The suite must stay green: `python -m pytest` with zero failures and zero warnings before you open a pull request.]"
E44,rep3,t21,1,yes_with_conditions,2,,,,,False,,The main risk is that the new budget documentation may omit the required US-dollar denomination for budget comparisons.,"The contract documents budget comparison but does not commit to saying the comparison is in US dollars. That matters because the requirements make USD denomination part of the expected behavior for every budget comparison, so the README section could be incomplete or ambiguous. [span: every total, summary, budget comparison, and export is denominated in US dollars] || The requested placement is specifically under usage, but the contract allows placement under a different named subsection. If 'Looking at your spending' is not actually within Usage, the documentation could land in the wrong place. [span: Add a short section under usage]"
E13,rep3,t22,2,yes_with_conditions,2,,,,False,,B1 caught it; B1n flags are authority/consistency,"The main risk is that the contract may preserve or add FAQ content that is verifiable against code or existing text but not against docs/requirements.md, the project's source of truth.","The contract should explicitly treat docs/requirements.md as the authority, not just implementation files. If code or other docs disagree with the requirements, documenting the code behavior could still produce incorrect customer-facing documentation. [span: Every factual claim in the new entries is verifiable against the actual code (cli.py, report.py, rates.py, config.py) or existing docs — nothing invented] || Keeping every existing FAQ entry unchanged is risky unless the agent first confirms the free-tier limit still matches pricing.md. The project rules make FAQ/pricing consistency mandatory, so an existing mismatch cannot be preserved. [span: docs/faq.md retains all four existing entries unchanged]"
E23,rep3,t24,4,no,1,False,,True,,,rejected; R2 cited,The contract would make README.md contradict the project’s reference-of-record requirements for how amounts are stored.,"The contract commits to documenting behavior that contradicts the authoritative requirements. The requirements say amounts are converted to US dollars when recorded and that the US-dollar figure is what gets stored, so executing this would make the README materially false. [span: The reworded section clearly states that amounts are stored in the currency they were entered in]"
